<?xml version="1.0" encoding="utf-8"?> 
<feed xmlns="http://www.w3.org/2005/Atom" xmlns:creativeCommons="http://backend.userland.com/creativeCommonsRssModule">
<title type="text">Jours de la semaine</title>
	<translation type="r">
		<src lang="fr">lundi</src>
		<dst lang="ru">понедельник</dst>
	</translation>
	<translation type="r">
		<src lang="fr">mardi</src>
		<dst lang="ru">вторник</dst>
	</translation>
	<translation type="r">
		<src lang="fr">mercredi</src>
		<dst lang="ru">среда</dst>
	</translation>
	<translation type="r">
		<src lang="fr">jeudi</src>
		<dst lang="ru">четверг</dst>
	</translation>
	<translation type="r">
		<src lang="fr">vendredi</src>
		<dst lang="ru">пятница</dst>
	</translation>
	<translation type="r">
		<src lang="fr">samedi</src>
		<dst lang="ru">суббота</dst>
	</translation>
	<translation type="r">
		<src lang="fr">dimanche</src>
		<dst lang="ru">воскресенье</dst>
	</translation>
</feed>
